community,building,name
Poly Canyon Village,Gypsum,G125
Poly Canyon Village,Corralitos,C130
Poly Canyon Village,Corralitos,C231
Poly Canyon Village,Corralitos,C233
Poly Canyon Village,Corralitos,C331
Poly Canyon Village,Corralitos,C337
Poly Canyon Village,Corralitos,C431
Poly Canyon Village,Corralitos,C437
Poly Canyon Village,Corralitos,C531
Poly Canyon Village,Corralitos,C533
Poly Canyon Village,Corralitos,C537
Poly Canyon Village,Huasna,H539
Poly Canyon Village,Estrella,E029
Poly Canyon Village,Estrella,E119
Poly Canyon Village,Estrella,E219
Poly Canyon Village,Estrella,E319
Poly Canyon Village,Estrella,E419
Poly Canyon Village,Estrella,E519
Poly Canyon Village,Foxen,F010L
Poly Canyon Village,Foxen,F010B
Poly Canyon Village,Foxen,F010D
Poly Canyon Village,Foxen,F011B
Poly Canyon Village,Foxen,F011C
Poly Canyon Village,Foxen,F117
Poly Canyon Village,Foxen,F217
Poly Canyon Village,Foxen,F317
Poly Canyon Village,Foxen,F417
Poly Canyon Village,Buena Vista,B217
Poly Canyon Village,Buena Vista,B317
Poly Canyon Village,Buena Vista,B417
Cerro Vista,Bishop,E101
Cerro Vista,Bishop,E012L
Cerro Vista,Bishop,E012C
Cerro Vista,Morro,A409
Sierra Madre,Lobby,L101
Sierra Madre,Lobby,L102
Sierra Madre,Lobby,L203
Sierra Madre,Tower 0,1P
Sierra Madre,Tower 1,1P
Sierra Madre,Tower 2,1P
Sierra Madre,Tower 3,1P
Sierra Madre,Tower 4,1P
Sierra Madre,Tower 5,1P
Yosemite,Lobby,L101
Yosemite,Lobby,L102
Yosemite,Lobby,L201
Yosemite,Lobby,L202
Yosemite,Lobby,L203
South Mountain,Trinity,200
South Mountain,Trinity,236A
South Mountain,Trinity,300
South Mountain,Trinity,100A
South Mountain,Trinity,100L
South Mountain,Trinity,100K
South Mountain,Trinity,100J
North Mountain,Shasta,B1
North Mountain,Diablo,B1
North Mountain,Palomar,B1
North Mountain,Whitney,B1
North Mountain,Lassen,B1
South Mountain,Santa Lucia,300
South Mountain,Santa Lucia,100A
South Mountain,Santa Lucia,100L
South Mountain,Santa Lucia,100K
South Mountain,Muir,100C
South Mountain,Muir,200
South Mountain,Muir,300
South Mountain,Muir,100A
South Mountain,Muir,100
South Mountain,Muir,100L
South Mountain,Muir,100K
South Mountain,Muir,100J
South Mountain,Sequoia,100C
South Mountain,Sequoia,200
South Mountain,Sequoia,300
South Mountain,Sequoia,100A
South Mountain,Sequoia,100
South Mountain,Sequoia,100K
South Mountain,Fremont,100C
South Mountain,Fremont,200
South Mountain,Fremont,235A
South Mountain,Fremont,300
South Mountain,Fremont,100A
South Mountain,Fremont,100
South Mountain,Fremont,100L
South Mountain,Fremont,100K
South Mountain,Trinity,128L
South Mountain,Trinity,121L
South Mountain,Santa Lucia,128L
South Mountain,Santa Lucia,121L
South Mountain,Muir,127L
South Mountain,Muir,122L
South Mountain,Sequoia,127L
South Mountain,Sequoia,122L
South Mountain,Fremont,127L
South Mountain,Fremont,122L
Cerro Vista,San Luis,G105
Cerro Vista,San Luis,G106
Cerro Vista,San Luis,G115
Cerro Vista,San Luis,G115D